slug,name,image,domo_embed_url,start_date,archived
secrets-of-strixhaven,Secrets of Strixhaven,secrets-of-strixhaven.jpg,https://embed.domo.com/embed/pages/yXo4V,2026-04-27,false
lorwyn-eclipsed,Lorwyn Eclipsed,lorwyn-eclipsed.jpg,https://embed.domo.com/embed/pages/mY0PR,2026-01-26,false
avatar-the-last-airbender,Avatar: The Last Airbender,avatar-the-last-airbender.jpg,https://embed.domo.com/embed/pages/WQ75n,2025-11-17,false
edge-of-eternities,Edge of Eternities,edge-of-eternities.jpg,https://embed.domo.com/embed/pages/16kzP,2025-08-04,false
final-fantasy,Final Fantasy,final-fantasy.jpg,https://embed.domo.com/embed/pages/6W78O,2025-06-16,false
tarkir-dragonstorm,Tarkir: Dragonstorm,tarkir-dragonstorm.jpg,https://embed.domo.com/embed/pages/MZD31,2025-04-14,false
aetherdrift,Aetherdrift,aetherdrift.jpg,https://embed.domo.com/embed/pages/wVJ9m,2025-02-17,false
duskmourn,Duskmourn,duskmourn.jpg,https://embed.domo.com/embed/pages/gZxYr,2024-09-30,false
bloomburrow,Bloomburrow,bloomburrow.png,https://embed.domo.com/embed/pages/zK1Ny,2024-08-05,false
outlaws-of-thunder-junction,Outlaws of Thunder Junction,outlaws-of-thunder-junction.jpg,https://public.domo.com/embed/pages/xv5YP,2024-04-22,false
murders-at-karlov-manor,Murders at Karlov Manor,murders-at-karlov-manor.jpg,https://public.domo.com/embed/pages/pgEq6,2024-02-12,true
lost-caverns-of-ixalan,Lost Caverns of Ixalan,lost-caverns-of-ixalan.jpg,https://public.domo.com/embed/pages/g5vqY,2023-11-20,true
wilds-of-eldraine,Wilds of Eldraine,wilds-of-eldraine.jpg,https://public.domo.com/embed/pages/0g4jv,2023-09-11,true
march-of-the-machine,March of the Machine,march-of-the-machine.jpg,https://public.domo.com/embed/pages/98nvx,2023-04-24,true
phyrexia-all-will-be-one,Phyrexia: All Will Be One,phyrexia-all-will-be-one.jpg,https://public.domo.com/embed/pages/8qmrm,2023-02-13,true
brothers-war,Brothers' War,brothers-war.jpg,https://public.domo.com/embed/pages/76lqj,2022-11-21,true
dominaria-united,Dominaria United,dominaria-united.jpg,https://public.domo.com/embed/pages/66kpn,2022-09-12,true
streets-of-new-capenna,Streets of New Capenna,streets-of-new-capenna.jpg,https://public.domo.com/embed/pages/48gn1,2022-05-02,true
kamigawa-neon-dynasty,Kamigawa: Neon Dynasty,kamigawa-neon-dynasty.jpg,https://public.domo.com/embed/pages/3l7mM,2022-02-21,true
innistrad-crimson-vow,Innistrad: Crimson Vow,innistrad-crimson-vow.jpg,https://public.domo.com/embed/pages/Z45EJ,2021-11-22,true
innistrad-midnight-hunt,Innistrad: Midnight Hunt,innistrad-midnight-hunt.jpg,https://public.domo.com/embed/pages/X63BW,2021-09-27,true
dungeons-and-dragons-adventures-in-the-forgotten-realms,D&D: Adventures in the Forgotten Realms,dungeons-and-dragons-adventures-in-the-forgotten-realms.jpg,https://public.domo.com/embed/pages/Wn2AJ,2021-07-26,true
strixhaven,Strixhaven,strixhaven.jpg,https://public.domo.com/embed/pages/Vm1zM,2021-04-26,true
kaldheim,Kaldheim,kaldheim.jpg,https://public.domo.com/embed/pages/O7Qpp,2021-02-08,true
zendikar-rising,Zendikar Rising,zendikar-rising.jpg,https://public.domo.com/embed/pages/NxPo6,2020-09-21,true
core-2021,Core 2021,core-2021.jpg,https://public.domo.com/embed/pages/Mj0nA,2020-07-06,true
ikoria-lair-of-behemoths,Ikoria: Lair of Behemoths,ikoria-lair-of-behemoths.jpg,https://public.domo.com/embed/pages/LgNmw,2020-05-18,true
